Bildnummer;Zeit [s];Pixel (X) [px];Pixel (Y) [px];X Position [px];Y Position [px];Abstand [px];Abstand in x-Richtung [px];Abstand in y-Richtung [px];Strecke [px];Strecke in x-Richtung [px];Strecke in y-Richtung [px];Geschwindigkeit [px/s];Geschwindigkeit in x-Richtung [px/s];Geschwindigkeit in y-Richtung [px/s];Beschleunigung [px/s²];Beschleunigung in x-Richtung [px/s²];Beschleunigung in y-Richtung [px/s²];
1;0;298;875;298;875;0;0;0;0;0;0;0;0;0;0;0;0;
2;0,05;298;875;298;875;0;0;0;0;0;0;0;0;0;400,24;0;-400,24;
3;0,1;298;875;298;875;1;0;-1;1;0;-1;20,01;0;-20,01;0;0;800,48;
4;0,15;298;874;298;874;1;0;1;2;0;0;20,01;0;20,01;0;0;-800,48;
5;0,1999;298;875;298;875;1;0;-1;3;0;-1;20,01;0;-20,01;0;0;800,48;
6;0,2499;298;874;298;874;1;0;1;4;0;0;20,01;0;20,01;-400,24;0;-400,24;
7;0,2999;298;875;298;875;0;0;0;4;0;0;0;0;0;0;0;0;
8;0,3499;298;875;298;875;0;0;0;4;0;0;0;0;0;400,24;0;-400,24;
9;0,3999;298;875;298;875;1;0;-1;5;0;-1;20,01;0;-20,01;0;0;800,48;
10;0,4499;298;874;298;874;1;0;1;6;0;0;20,01;0;20,01;-400,24;0;-400,24;
11;0,4999;298;875;298;875;0;0;0;6;0;0;0;0;0;0;0;0;
12;0,5498;298;875;298;875;0;0;0;6;0;0;0;0;0;0;0;0;
13;0,5998;298;875;298;875;0;0;0;6;0;0;0;0;0;0;0;0;
14;0,6498;298;875;298;875;0;0;0;6;0;0;0;0;0;0;0;0;
15;0,6998;298;875;298;875;0;0;0;6;0;0;0;0;0;0;0;0;
16;0,7498;298;875;298;875;0;0;0;6;0;0;0;0;0;0;0;0;
17;0,7998;298;875;298;875;0;0;0;6;0;0;0;0;0;0;0;0;
18;0,8497;298;875;298;875;0;0;0;6;0;0;0;0;0;0;0;0;
19;0,8997;298;875;298;875;0;0;0;6;0;0;0;0;0;0;0;0;
20;0,9497;298;875;298;875;0;0;0;6;0;0;0;0;0;0;0;0;
21;0,9997;298;875;298;875;0;0;0;6;0;0;0;0;0;0;0;0;
22;1,0497;298;875;298;875;0;0;0;6;0;0;0;0;0;0;0;0;
23;1,0997;298;875;298;875;0;0;0;6;0;0;0;0;0;0;0;0;
24;1,1497;298;875;298;875;0;0;0;6;0;0;0;0;0;0;0;0;
25;1,1996;298;875;298;875;0;0;0;6;0;0;0;0;0;0;0;0;
26;1,2496;298;875;298;875;0;0;0;6;0;0;0;0;0;400,24;0;400,24;
27;1,2996;298;875;298;875;1;0;1;7;0;1;20,01;0;20,01;0;0;-800,48;
28;1,3496;298;876;298;876;1;0;-1;8;0;0;20,01;0;-20,01;-400,24;0;400,24;
29;1,3996;298;875;298;875;0;0;0;8;0;0;0;0;0;400,24;0;-400,24;
30;1,4496;298;875;298;875;1;0;-1;9;0;-1;20,01;0;-20,01;0;0;800,48;
31;1,4996;298;874;298;874;1;0;1;10;0;0;20,01;0;20,01;-400,24;0;-400,24;
32;1,5495;298;875;298;875;0;0;0;10;0;0;0;0;0;0;0;0;
33;1,5995;298;875;298;875;0;0;0;10;0;0;0;0;0;0;0;0;
34;1,6495;298;875;298;875;0;0;0;10;0;0;0;0;0;0;0;0;
35;1,6995;298;875;298;875;0;0;0;10;0;0;0;0;0;0;0;0;
36;1,7495;298;875;298;875;0;0;0;10;0;0;0;0;0;0;0;0;
37;1,7995;298;875;298;875;0;0;0;10;0;0;0;0;0;0;0;0;
38;1,8494;298;875;298;875;0;0;0;10;0;0;0;0;0;0;0;0;
39;1,8994;298;875;298;875;0;0;0;10;0;0;0;0;0;0;0;0;
40;1,9494;298;875;298;875;0;0;0;10;0;0;0;0;0;0;0;0;
41;1,9994;298;875;298;875;0;0;0;10;0;0;0;0;0;0;0;0;
42;2,0494;298;875;298;875;0;0;0;10;0;0;0;0;0;0;0;0;
43;2,0994;298;875;298;875;0;0;0;10;0;0;0;0;0;0;0;0;
44;2,1494;298;875;298;875;0;0;0;10;0;0;0;0;0;0;0;0;
45;2,1993;298;875;298;875;0;0;0;10;0;0;0;0;0;0;0;0;
46;2,2493;298;875;298;875;0;0;0;10;0;0;0;0;0;0;0;0;
47;2,2993;298;875;298;875;0;0;0;10;0;0;0;0;0;400,24;-400,24;0;
48;2,3493;298;875;298;875;1;-1;0;11;-1;0;20,01;-20,01;0;0;800,48;0;
49;2,3993;297;875;297;875;1;1;0;12;0;0;20,01;20,01;0;-400,24;-400,24;0;
50;2,4493;298;875;298;875;0;0;0;12;0;0;0;0;0;400,24;0;-400,24;
51;2,4993;298;875;298;875;1;0;-1;13;0;-1;20,01;0;-20,01;0;0;800,48;
52;2,5492;298;874;298;874;1;0;1;14;0;0;20,01;0;20,01;-400,24;0;-400,24;
53;2,5992;298;875;298;875;0;0;0;14;0;0;0;0;0;0;0;0;
54;2,6492;298;875;298;875;0;0;0;14;0;0;0;0;0;400,24;0;-400,24;
55;2,6992;298;875;298;875;1;0;-1;15;0;-1;20,01;0;-20,01;0;0;800,48;
56;2,7492;298;874;298;874;1;0;1;16;0;0;20,01;0;20,01;-400,24;0;-400,24;
57;2,7992;298;875;298;875;0;0;0;16;0;0;0;0;0;0;0;0;
58;2,8491;298;875;298;875;0;0;0;16;0;0;0;0;0;400,24;0;-400,24;
59;2,8991;298;875;298;875;1;0;-1;17;0;-1;20,01;0;-20,01;-400,24;0;400,24;
60;2,9491;298;874;298;874;0;0;0;17;0;-1;0;0;0;400,24;0;400,24;
61;2,9991;298;874;298;874;1;0;1;18;0;0;20,01;0;20,01;-400,24;0;-400,24;
62;3,0491;298;875;298;875;0;0;0;18;0;0;0;0;0;400,24;0;-400,24;
63;3,0991;298;875;298;875;1;0;-1;19;0;-1;20,01;0;-20,01;0;0;800,48;
64;3,1491;298;874;298;874;1;0;1;20;0;0;20,01;0;20,01;-400,24;0;-400,24;
65;3,199;298;875;298;875;0;0;0;20;0;0;0;0;0;0;0;0;
66;3,249;298;875;298;875;0;0;0;20;0;0;0;0;0;0;0;0;
67;3,299;298;875;298;875;0;0;0;20;0;0;0;0;0;0;0;0;
68;3,349;298;875;298;875;0;0;0;20;0;0;0;0;0;0;0;0;
69;3,399;298;875;298;875;0;0;0;20;0;0;0;0;0;400,24;0;-400,24;
70;3,449;298;875;298;875;1;0;-1;21;0;-1;20,01;0;-20,01;0;0;800,48;
71;3,499;298;874;298;874;1;0;1;22;0;0;20,01;0;20,01;-400,24;0;-400,24;
72;3,5489;298;875;298;875;0;0;0;22;0;0;0;0;0;0;0;0;
73;3,5989;298;875;298;875;0;0;0;22;0;0;0;0;0;0;0;0;
74;3,6489;298;875;298;875;0;0;0;22;0;0;0;0;0;400,24;-400,24;0;
75;3,6989;298;875;298;875;1;-1;0;23;-1;0;20,01;-20,01;0;0;800,48;0;
76;3,7489;297;875;297;875;1;1;0;24;0;0;20,01;20,01;0;-400,24;-400,24;0;
77;3,7989;298;875;298;875;0;0;0;24;0;0;0;0;0;400,24;0;-400,24;
78;3,8488;298;875;298;875;1;0;-1;25;0;-1;20,01;0;-20,01;0;0;800,48;
79;3,8988;298;874;298;874;1;0;1;26;0;0;20,01;0;20,01;-400,24;0;-400,24;
80;3,9488;298;875;298;875;0;0;0;26;0;0;0;0;0;400,24;0;-400,24;
81;3,9988;298;875;298;875;1;0;-1;27;0;-1;20,01;0;-20,01;0;0;800,48;
82;4,0488;298;874;298;874;1;0;1;28;0;0;20,01;0;20,01;-400,24;0;-400,24;
83;4,0988;298;875;298;875;0;0;0;28;0;0;0;0;0;0;0;0;
84;4,1488;298;875;298;875;0;0;0;28;0;0;0;0;0;0;0;0;
85;4,1987;298;875;298;875;0;0;0;28;0;0;0;0;0;400,24;0;-400,24;
86;4,2487;298;875;298;875;1;0;-1;29;0;-1;20,01;0;-20,01;0;0;800,48;
87;4,2987;298;874;298;874;1;0;1;30;0;0;20,01;0;20,01;0;0;-800,48;
88;4,3487;298;875;298;875;1;0;-1;31;0;-1;20,01;0;-20,01;0;0;800,48;
89;4,3987;298;874;298;874;1;0;1;32;0;0;20,01;0;20,01;-400,24;0;-400,24;
90;4,4487;298;875;298;875;0;0;0;32;0;0;0;0;0;0;0;0;
91;4,4987;298;875;298;875;0;0;0;32;0;0;0;0;0;0;0;0;
92;4,5486;298;875;298;875;0;0;0;32;0;0;0;0;0;0;0;0;
93;4,5986;298;875;298;875;0;0;0;32;0;0;0;0;0;400,24;0;-400,24;
94;4,6486;298;875;298;875;1;0;-1;33;0;-1;20,01;0;-20,01;0;0;800,48;
95;4,6986;298;874;298;874;1;0;1;34;0;0;20,01;0;20,01;-400,24;0;-400,24;
96;4,7486;298;875;298;875;0;0;0;34;0;0;0;0;0;0;0;0;
97;4,7986;298;875;298;875;0;0;0;34;0;0;0;0;0;0;0;0;
98;4,8485;298;875;298;875;0;0;0;34;0;0;0;0;0;0;0;0;
99;4,8985;298;875;298;875;0;0;0;34;0;0;0;0;0;0;0;0;
100;4,9485;298;875;298;875;0;0;0;34;0;0;0;0;0;0;0;0;
101;4,9985;298;875;298;875;0;0;0;34;0;0;0;0;0;0;0;0;
102;5,0485;298;875;298;875;0;0;0;34;0;0;0;0;0;0;0;0;
103;5,0985;298;875;298;875;0;0;0;34;0;0;0;0;0;0;0;0;
104;5,1485;298;875;298;875;0;0;0;34;0;0;0;0;0;0;0;0;
105;5,1984;298;875;298;875;0;0;0;34;0;0;0;0;0;0;0;0;
106;5,2484;298;875;298;875;0;0;0;34;0;0;0;0;0;0;0;0;
107;5,2984;298;875;298;875;0;0;0;34;0;0;0;0;0;0;0;0;
108;5,3484;298;875;298;875;0;0;0;34;0;0;0;0;0;0;0;0;
109;5,3984;298;875;298;875;0;0;0;34;0;0;0;0;0;400,24;0;-400,24;
110;5,4484;298;875;298;875;1;0;-1;35;0;-1;20,01;0;-20,01;0;0;800,48;
111;5,4984;298;874;298;874;1;0;1;36;0;0;20,01;0;20,01;0;0;-800,48;
112;5,5483;298;875;298;875;1;0;-1;37;0;-1;20,01;0;-20,01;0;0;800,48;
113;5,5983;298;874;298;874;1;0;1;38;0;0;20,01;0;20,01;-400,24;0;-400,24;
114;5,6483;298;875;298;875;0;0;0;38;0;0;0;0;0;400,24;0;-400,24;
115;5,6983;298;875;298;875;1;0;-1;39;0;-1;20,01;0;-20,01;-400,24;0;400,24;
116;5,7483;298;874;298;874;0;0;0;39;0;-1;0;0;0;400,24;0;400,24;
117;5,7983;298;874;298;874;1;0;1;40;0;0;20,01;0;20,01;-400,24;0;-400,24;
118;5,8482;298;875;298;875;0;0;0;40;0;0;0;0;0;0;0;0;
119;5,8982;298;875;298;875;0;0;0;40;0;0;0;0;0;400,24;0;-400,24;
120;5,9482;298;875;298;875;1;0;-1;41;0;-1;20,01;0;-20,01;0;0;800,48;
121;5,9982;298;874;298;874;1;0;1;42;0;0;20,01;0;20,01;-400,24;0;-400,24;
122;6,0482;298;875;298;875;0;0;0;42;0;0;0;0;0;0;0;0;
123;6,0982;298;875;298;875;0;0;0;42;0;0;0;0;0;0;0;0;
124;6,1482;298;875;298;875;0;0;0;42;0;0;0;0;0;0;0;0;
125;6,1981;298;875;298;875;0;0;0;42;0;0;0;0;0;400,24;0;-400,24;
126;6,2481;298;875;298;875;1;0;-1;43;0;-1;20,01;0;-20,01;0;0;800,48;
127;6,2981;298;874;298;874;1;0;1;44;0;0;20,01;0;20,01;-400,24;0;-400,24;
128;6,3481;298;875;298;875;0;0;0;44;0;0;0;0;0;0;0;0;
129;6,3981;298;875;298;875;0;0;0;44;0;0;0;0;0;0;0;0;
130;6,4481;298;875;298;875;0;0;0;44;0;0;0;0;0;0;0;0;
131;6,4981;298;875;298;875;0;0;0;44;0;0;0;0;0;0;0;0;
132;6,548;298;875;298;875;0;0;0;44;0;0;0;0;0;0;0;0;
133;6,598;298;875;298;875;0;0;0;44;0;0;0;0;0;0;0;0;
134;6,648;298;875;298;875;0;0;0;44;0;0;0;0;0;0;0;0;
135;6,698;298;875;298;875;0;0;0;44;0;0;0;0;0;400,24;0;-400,24;
136;6,748;298;875;298;875;1;0;-1;45;0;-1;20,01;0;-20,01;0;0;800,48;
137;6,798;298;874;298;874;1;0;1;46;0;0;20,01;0;20,01;0;0;-800,48;
138;6,8479;298;875;298;875;1;0;-1;47;0;-1;20,01;0;-20,01;-400,24;0;400,24;
139;6,8979;298;874;298;874;0;0;0;47;0;-1;0;0;0;400,24;0;400,24;
140;6,9479;298;874;298;874;1;0;1;48;0;0;20,01;0;20,01;0;0;-800,48;
141;6,9979;298;875;298;875;1;0;-1;49;0;-1;20,01;0;-20,01;0;0;800,48;
142;7,0479;298;874;298;874;1;0;1;50;0;0;20,01;0;20,01;-400,24;0;-400,24;
143;7,0979;298;875;298;875;0;0;0;50;0;0;0;0;0;0;0;0;
144;7,1479;298;875;298;875;0;0;0;50;0;0;0;0;0;0;0;0;
145;7,1978;298;875;298;875;0;0;0;50;0;0;0;0;0;0;0;0;
146;7,2478;298;875;298;875;0;0;0;50;0;0;0;0;0;400,24;0;-400,24;
147;7,2978;298;875;298;875;1;0;-1;51;0;-1;20,01;0;-20,01;0;0;800,48;
148;7,3478;298;874;298;874;1;0;1;52;0;0;20,01;0;20,01;-400,24;0;-400,24;
149;7,3978;298;875;298;875;0;0;0;52;0;0;0;0;0;0;0;0;
150;7,4478;298;875;298;875;0;0;0;52;0;0;0;0;0;400,24;0;-400,24;
151;7,4978;298;875;298;875;1;0;-1;53;0;-1;20,01;0;-20,01;0;0;800,48;
152;7,5477;298;874;298;874;1;0;1;54;0;0;20,01;0;20,01;0;0;-800,48;
153;7,5977;298;875;298;875;1;0;-1;55;0;-1;20,01;0;-20,01;0;0;800,48;
154;7,6477;298;874;298;874;1;0;1;56;0;0;20,01;0;20,01;-400,24;0;-400,24;
155;7,6977;298;875;298;875;0;0;0;56;0;0;0;0;0;0;0;0;
156;7,7477;298;875;298;875;0;0;0;56;0;0;0;0;0;0;0;0;
157;7,7977;298;875;298;875;0;0;0;56;0;0;0;0;0;0;0;0;
158;7,8476;298;875;298;875;0;0;0;56;0;0;0;0;0;0;0;0;
159;7,8976;298;875;298;875;0;0;0;56;0;0;0;0;0;0;0;0;
160;7,9476;298;875;298;875;0;0;0;56;0;0;0;0;0;400,24;0;-400,24;
161;7,9976;298;875;298;875;1;0;-1;57;0;-1;20,01;0;-20,01;0;0;800,48;
162;8,0476;298;874;298;874;1;0;1;58;0;0;20,01;0;20,01;-400,24;0;-400,24;
163;8,0976;298;875;298;875;0;0;0;58;0;0;0;0;0;400,24;0;-400,24;
164;8,1476;298;875;298;875;1;0;-1;59;0;-1;20,01;0;-20,01;0;0;800,48;
165;8,1975;298;874;298;874;1;0;1;60;0;0;20,01;0;20,01;0;0;-800,48;
166;8,2475;298;875;298;875;1;0;-1;61;0;-1;20,01;0;-20,01;-400,24;0;400,24;
167;8,2975;298;874;298;874;0;0;0;61;0;-1;0;0;0;566,02;-400,24;400,24;
168;8,3475;298;874;298;874;1,41;-1;1;62,41;-1;0;28,29;-20,01;20,01;0;800,48;-800,48;
169;8,3975;297;875;297;875;1,41;1;-1;63,83;0;-1;28,29;20,01;-20,01;-566,02;-400,24;400,24;
170;8,4475;298;874;298;874;0;0;0;63,83;0;-1;0;0;0;400,24;0;400,24;
171;8,4975;298;874;298;874;1;0;1;64,83;0;0;20,01;0;20,01;-400,24;0;-400,24;
172;8,5474;298;875;298;875;0;0;0;64,83;0;0;0;0;0;0;0;0;
173;8,5974;298;875;298;875;0;0;0;64,83;0;0;0;0;0;0;0;0;
174;8,6474;298;875;298;875;0;0;0;64,83;0;0;0;0;0;0;0;0;
175;8,6974;298;875;298;875;0;0;0;64,83;0;0;0;0;0;400,24;0;-400,24;
176;8,7474;298;875;298;875;1;0;-1;65,83;0;-1;20,01;0;-20,01;0;0;800,48;
177;8,7974;298;874;298;874;1;0;1;66,83;0;0;20,01;0;20,01;0;0;-800,48;
178;8,8473;298;875;298;875;1;0;-1;67,83;0;-1;20,01;0;-20,01;-400,24;0;400,24;
179;8,8973;298;874;298;874;0;0;0;67,83;0;-1;0;0;0;400,24;0;400,24;
180;8,9473;298;874;298;874;1;0;1;68,83;0;0;20,01;0;20,01;-400,24;0;-400,24;
181;8,9973;298;875;298;875;0;0;0;68,83;0;0;0;0;0;400,24;-400,24;0;
182;9,0473;298;875;298;875;1;-1;0;69,83;-1;0;20,01;-20,01;0;165,78;800,48;-400,24;
183;9,0973;297;875;297;875;1,41;1;-1;71,24;0;-1;28,29;20,01;-20,01;-165,78;-400,24;800,48;
184;9,1473;298;874;298;874;1;0;1;72,24;0;0;20,01;0;20,01;-400,24;0;-400,24;
185;9,1972;298;875;298;875;0;0;0;72,24;0;0;0;0;0;400,24;0;-400,24;
186;9,2472;298;875;298;875;1;0;-1;73,24;0;-1;20,01;0;-20,01;0;0;800,48;
187;9,2972;298;874;298;874;1;0;1;74,24;0;0;20,01;0;20,01;-400,24;0;-400,24;
188;9,3472;298;875;298;875;0;0;0;74,24;0;0;0;0;0;400,24;0;-400,24;
189;9,3972;298;875;298;875;1;0;-1;75,24;0;-1;20,01;0;-20,01;-400,24;0;400,24;
190;9,4472;298;874;298;874;0;0;0;75,24;0;-1;0;0;0;0;0;0;
191;9,4972;298;874;298;874;0;0;0;75,24;0;-1;0;0;0;400,24;0;400,24;
192;9,5471;298;874;298;874;1;0;1;76,24;0;0;20,01;0;20,01;0;0;-800,48;
193;9,5971;298;875;298;875;1;0;-1;77,24;0;-1;20,01;0;-20,01;-400,24;0;400,24;
194;9,6471;298;874;298;874;0;0;0;77,24;0;-1;0;0;0;400,24;0;400,24;
195;9,6971;298;874;298;874;1;0;1;78,24;0;0;20,01;0;20,01;0;0;-800,48;
196;9,7471;298;875;298;875;1;0;-1;79,24;0;-1;20,01;0;-20,01;-400,24;0;400,24;
197;9,7971;298;874;298;874;0;0;0;79,24;0;-1;0;0;0;400,24;0;400,24;
198;9,847;298;874;298;874;1;0;1;80,24;0;0;20,01;0;20,01;0;0;-800,48;
199;9,897;298;875;298;875;1;0;-1;81,24;0;-1;20,01;0;-20,01;0;0;800,48;
200;9,947;298;874;298;874;1;0;1;82,24;0;0;20,01;0;20,01;-400,24;0;-400,24;
201;9,997;298;875;298;875;0;0;0;82,24;0;0;0;0;0;400,24;-400,24;0;
202;10,047;298;875;298;875;1;-1;0;83,24;-1;0;20,01;-20,01;0;165,78;800,48;-400,24;
203;10,097;297;875;297;875;1,41;1;-1;84,66;0;-1;28,29;20,01;-20,01;-566,02;-400,24;400,24;
204;10,147;298;874;298;874;0;0;0;84,66;0;-1;0;0;0;400,24;0;400,24;
205;10,1969;298;874;298;874;1;0;1;85,66;0;0;20,01;0;20,01;0;0;-800,48;
206;10,2469;298;875;298;875;1;0;-1;86,66;0;-1;20,01;0;-20,01;-400,24;0;400,24;
207;10,2969;298;874;298;874;0;0;0;86,66;0;-1;0;0;0;0;0;0;
208;10,3469;298;874;298;874;0;0;0;86,66;0;-1;0;0;0;400,24;0;400,24;
209;10,3969;298;874;298;874;1;0;1;87,66;0;0;20,01;0;20,01;-400,24;0;-400,24;
210;10,4469;298;875;298;875;0;0;0;87,66;0;0;0;0;0;0;0;0;
211;10,4969;298;875;298;875;0;0;0;87,66;0;0;0;0;0;400,24;0;-400,24;
212;10,5468;298;875;298;875;1;0;-1;88,66;0;-1;20,01;0;-20,01;0;0;800,48;
213;10,5968;298;874;298;874;1;0;1;89,66;0;0;20,01;0;20,01;-400,24;0;-400,24;
214;10,6468;298;875;298;875;0;0;0;89,66;0;0;0;0;0;0;0;0;
215;10,6968;298;875;298;875;0;0;0;89,66;0;0;0;0;0;0;0;0;
216;10,7468;298;875;298;875;0;0;0;89,66;0;0;0;0;0;0;0;0;
217;10,7968;298;875;298;875;0;0;0;89,66;0;0;0;0;0;0;0;0;
218;10,8467;298;875;298;875;0;0;0;89,66;0;0;0;0;0;400,24;0;-400,24;
219;10,8967;298;875;298;875;1;0;-1;90,66;0;-1;20,01;0;-20,01;0;0;800,48;
220;10,9467;298;874;298;874;1;0;1;91,66;0;0;20,01;0;20,01;0;0;-800,48;
221;10,9967;298;875;298;875;1;0;-1;92,66;0;-1;20,01;0;-20,01;0;0;800,48;
222;11,0467;298;874;298;874;1;0;1;93,66;0;0;20,01;0;20,01;0;-400,24;-400,24;
223;11,0967;298;875;298;875;1;-1;0;94,66;-1;0;20,01;-20,01;0;0;800,48;0;
224;11,1467;297;875;297;875;1;1;0;95,66;0;0;20,01;20,01;0;0;-400,24;-400,24;
225;11,1966;298;875;298;875;1;0;-1;96,66;0;-1;20,01;0;-20,01;0;0;800,48;
226;11,2466;298;874;298;874;1;0;1;97,66;0;0;20,01;0;20,01;-400,24;0;-400,24;
227;11,2966;298;875;298;875;0;0;0;97,66;0;0;0;0;0;0;0;0;
228;11,3466;298;875;298;875;0;0;0;97,66;0;0;0;0;0;400,24;0;-400,24;
229;11,3966;298;875;298;875;1;0;-1;98,66;0;-1;20,01;0;-20,01;-400,24;0;400,24;
230;11,4466;298;874;298;874;0;0;0;98,66;0;-1;0;0;0;0;0;0;
231;11,4966;298;874;298;874;0;0;0;98,66;0;-1;0;0;0;566,02;-400,24;400,24;
232;11,5465;298;874;298;874;1,41;-1;1;100,07;-1;0;28,29;-20,01;20,01;-165,78;800,48;-400,24;
233;11,5965;297;875;297;875;1;1;0;101,07;0;0;20,01;20,01;0;0;-400,24;-400,24;
234;11,6465;298;875;298;875;1;0;-1;102,07;0;-1;20,01;0;-20,01;-400,24;0;400,24;
235;11,6965;298;874;298;874;0;0;0;102,07;0;-1;0;0;0;0;0;0;
236;11,7465;298;874;298;874;0;0;0;102,07;0;-1;0;0;0;400,24;0;400,24;
237;11,7965;298;874;298;874;1;0;1;103,07;0;0;20,01;0;20,01;0;-400,24;-400,24;
238;11,8464;298;875;298;875;1;-1;0;104,07;-1;0;20,01;-20,01;0;0;800,48;0;
239;11,8964;297;875;297;875;1;1;0;105,07;0;0;20,01;20,01;0;-400,24;-400,24;0;
240;11,9464;298;875;298;875;0;0;0;105,07;0;0;0;0;0;0;0;0;
241;11,9964;298;875;298;875;0;0;0;105,07;0;0;0;0;0;400,24;-400,24;0;
242;12,0464;298;875;298;875;1;-1;0;106,07;-1;0;20,01;-20,01;0;0;800,48;0;
243;12,0964;297;875;297;875;1;1;0;107,07;0;0;20,01;20,01;0;-400,24;-400,24;0;
244;12,1464;298;875;298;875;0;0;0;107,07;0;0;0;0;0;0;0;0;
245;12,1963;298;875;298;875;0;0;0;107,07;0;0;0;0;0;0;0;0;
246;12,2463;298;875;298;875;0;0;0;107,07;0;0;0;0;0;0;0;0;
247;12,2963;298;875;298;875;0;0;0;107,07;0;0;0;0;0;400,24;-400,24;0;
248;12,3463;298;875;298;875;1;-1;0;108,07;-1;0;20,01;-20,01;0;165,78;800,48;-400,24;
249;12,3963;297;875;297;875;1,41;1;-1;109,49;0;-1;28,29;20,01;-20,01;-165,78;-400,24;800,48;
250;12,4463;298;874;298;874;1;0;1;110,49;0;0;20,01;0;20,01;-400,24;0;-400,24;
251;12,4963;298;875;298;875;0;0;0;110,49;0;0;0;0;0;400,24;0;-400,24;
252;12,5462;298;875;298;875;1;0;-1;111,49;0;-1;20,01;0;-20,01;-400,24;0;400,24;
253;12,5962;298;874;298;874;0;0;0;111,49;0;-1;0;0;0;400,24;0;400,24;
254;12,6462;298;874;298;874;1;0;1;112,49;0;0;20,01;0;20,01;-400,24;0;-400,24;
255;12,6962;298;875;298;875;0;0;0;112,49;0;0;0;0;0;400,24;0;-400,24;
256;12,7462;298;875;298;875;1;0;-1;113,49;0;-1;20,01;0;-20,01;0;0;800,48;
257;12,7962;298;874;298;874;1;0;1;114,49;0;0;20,01;0;20,01;-400,24;0;-400,24;
258;12,8461;298;875;298;875;0;0;0;114,49;0;0;0;0;0;400,24;0;-400,24;
259;12,8961;298;875;298;875;1;0;-1;115,49;0;-1;20,01;0;-20,01;-400,24;0;400,24;
260;12,9461;298;874;298;874;0;0;0;115,49;0;-1;0;0;0;400,24;0;400,24;
261;12,9961;298;874;298;874;1;0;1;116,49;0;0;20,01;0;20,01;0;-400,24;-400,24;
262;13,0461;298;875;298;875;1;-1;0;117,49;-1;0;20,01;-20,01;0;0;800,48;0;
263;13,0961;297;875;297;875;1;1;0;118,49;0;0;20,01;20,01;0;-400,24;-400,24;0;
264;13,1461;298;875;298;875;0;0;0;118,49;0;0;0;0;0;400,24;0;-400,24;
265;13,196;298;875;298;875;1;0;-1;119,49;0;-1;20,01;0;-20,01;-400,24;0;400,24;
266;13,246;298;874;298;874;0;0;0;119,49;0;-1;0;0;0;400,24;0;400,24;
267;13,296;298;874;298;874;1;0;1;120,49;0;0;20,01;0;20,01;-400,24;0;-400,24;
268;13,346;298;875;298;875;0;0;0;120,49;0;0;0;0;0;0;0;0;
269;13,396;298;875;298;875;0;0;0;120,49;0;0;0;0;0;400,24;0;-400,24;
270;13,446;298;875;298;875;1;0;-1;121,49;0;-1;20,01;0;-20,01;0;0;800,48;
271;13,496;298;874;298;874;1;0;1;122,49;0;0;20,01;0;20,01;0;0;-800,48;
272;13,5459;298;875;298;875;1;0;-1;123,49;0;-1;20,01;0;-20,01;-400,24;0;400,24;
273;13,5959;298;874;298;874;0;0;0;123,49;0;-1;0;0;0;0;0;0;
274;13,6459;298;874;298;874;0;0;0;123,49;0;-1;0;0;0;0;0;0;
275;13,6959;298;874;298;874;0;0;0;123,49;0;-1;0;0;0;0;0;0;
276;13,7459;298;874;298;874;0;0;0;123,49;0;-1;0;0;0;400,24;0;400,24;
277;13,7959;298;874;298;874;1;0;1;124,49;0;0;20,01;0;20,01;0;0;-800,48;
278;13,8458;298;875;298;875;1;0;-1;125,49;0;-1;20,01;0;-20,01;0;0;800,48;
279;13,8958;298;874;298;874;1;0;1;126,49;0;0;20,01;0;20,01;0;0;-800,48;
280;13,9458;298;875;298;875;1;0;-1;127,49;0;-1;20,01;0;-20,01;0;0;800,48;
281;13,9958;298;874;298;874;1;0;1;128,49;0;0;20,01;0;20,01;-400,24;0;-400,24;
282;14,0458;298;875;298;875;0;0;0;128,49;0;0;0;0;0;0;0;0;
283;14,0958;298;875;298;875;0;0;0;128,49;0;0;0;0;0;0;0;0;
284;14,1458;298;875;298;875;0;0;0;128,49;0;0;0;0;0;400,24;0;-400,24;
285;14,1957;298;875;298;875;1;0;-1;129,49;0;-1;20,01;0;-20,01;0;0;800,48;
286;14,2457;298;874;298;874;1;0;1;130,49;0;0;20,01;0;20,01;-400,24;0;-400,24;
287;14,2957;298;875;298;875;0;0;0;130,49;0;0;0;0;0;0;0;0;
288;14,3457;298;875;298;875;0;0;0;130,49;0;0;0;0;0;400,24;0;-400,24;
289;14,3957;298;875;298;875;1;0;-1;131,49;0;-1;20,01;0;-20,01;0;0;800,48;
290;14,4457;298;874;298;874;1;0;1;132,49;0;0;20,01;0;20,01;0;0;-800,48;
291;14,4957;298;875;298;875;1;0;-1;133,49;0;-1;20,01;0;-20,01;0;0;800,48;
292;14,5456;298;874;298;874;1;0;1;134,49;0;0;20,01;0;20,01;-400,24;0;-400,24;
293;14,5956;298;875;298;875;0;0;0;134,49;0;0;0;0;0;0;0;0;
294;14,6456;298;875;298;875;0;0;0;134,49;0;0;0;0;0;400,24;0;-400,24;
295;14,6956;298;875;298;875;1;0;-1;135,49;0;-1;20,01;0;-20,01;0;0;800,48;
296;14,7456;298;874;298;874;1;0;1;136,49;0;0;20,01;0;20,01;0;-400,24;-400,24;
297;14,7956;298;875;298;875;1;-1;0;137,49;-1;0;20,01;-20,01;0;165,78;800,48;-400,24;
298;14,8455;297;875;297;875;1,41;1;-1;138,9;0;-1;28,29;20,01;-20,01;-165,78;-400,24;800,48;
299;14,8955;298;874;298;874;1;0;1;139,9;0;0;20,01;0;20,01;0;-400,24;-400,24;
300;14,9455;298;875;298;875;1;-1;0;140,9;-1;0;20,01;-20,01;0;0;800,48;0;
301;14,9955;297;875;297;875;1;1;0;141,9;0;0;20,01;20,01;0;-400,24;-400,24;0;
302;15,0455;298;875;298;875;0;0;0;141,9;0;0;0;0;0;0;0;0;
303;15,0955;298;875;298;875;0;0;0;141,9;0;0;0;0;0;0;0;0;
304;15,1455;298;875;298;875;0;0;0;141,9;0;0;0;0;0;0;0;0;
305;15,1954;298;875;298;875;0;0;0;141,9;0;0;0;0;0;0;0;0;
306;15,2454;298;875;298;875;0;0;0;141,9;0;0;0;0;0;400,24;0;-400,24;
307;15,2954;298;875;298;875;1;0;-1;142,9;0;-1;20,01;0;-20,01;0;0;800,48;
308;15,3454;298;874;298;874;1;0;1;143,9;0;0;20,01;0;20,01;-400,24;0;-400,24;
309;15,3954;298;875;298;875;0;0;0;143,9;0;0;0;0;0;400,24;-400,24;0;
310;15,4454;298;875;298;875;1;-1;0;144,9;-1;0;20,01;-20,01;0;0;800,48;0;
311;15,4954;297;875;297;875;1;1;0;145,9;0;0;20,01;20,01;0;0;-800,48;0;
312;15,5453;298;875;298;875;1;-1;0;146,9;-1;0;20,01;-20,01;0;-400,24;400,24;0;
313;15,5953;297;875;297;875;0;0;0;146,9;-1;0;0;0;0;0;0;0;
314;15,6453;297;875;297;875;0;0;0;146,9;-1;0;0;0;0;0;0;0;
315;15,6953;297;875;297;875;0;0;0;146,9;-1;0;0;0;0;400,24;400,24;0;
316;15,7453;297;875;297;875;1;1;0;147,9;0;0;20,01;20,01;0;0;-800,48;0;
317;15,7953;298;875;298;875;1;-1;0;148,9;-1;0;20,01;-20,01;0;-400,24;400,24;0;
318;15,8452;297;875;297;875;0;0;0;148,9;-1;0;0;0;0;400,24;400,24;0;
319;15,8952;297;875;297;875;1;1;0;149,9;0;0;20,01;20,01;0;0;-800,48;0;
320;15,9452;298;875;298;875;1;-1;0;150,9;-1;0;20,01;-20,01;0;0;800,48;0;
321;15,9952;297;875;297;875;1;1;0;151,9;0;0;20,01;20,01;0;-400,24;-400,24;0;
322;16,0452;298;875;298;875;0;0;0;151,9;0;0;0;0;0;400,24;-400,24;0;
323;16,0952;298;875;298;875;1;-1;0;152,9;-1;0;20,01;-20,01;0;0;800,48;0;
324;16,1452;297;875;297;875;1;1;0;153,9;0;0;20,01;20,01;0;-400,24;-400,24;0;
325;16,1951;298;875;298;875;0;0;0;153,9;0;0;0;0;0;400,24;-400,24;0;
326;16,2451;298;875;298;875;1;-1;0;154,9;-1;0;20,01;-20,01;0;0;800,48;0;
327;16,2951;297;875;297;875;1;1;0;155,9;0;0;20,01;20,01;0;0;-800,48;0;
328;16,3451;298;875;298;875;1;-1;0;156,9;-1;0;20,01;-20,01;0;-400,24;400,24;0;
329;16,3951;297;875;297;875;0;0;0;156,9;-1;0;0;0;0;400,24;400,24;0;
330;16,4451;297;875;297;875;1;1;0;157,9;0;0;20,01;20,01;0;-400,24;-400,24;0;
331;16,4951;298;875;298;875;0;0;0;157,9;0;0;0;0;0;400,24;-400,24;0;
332;16,545;298;875;298;875;1;-1;0;158,9;-1;0;20,01;-20,01;0;165,78;800,48;-400,24;
333;16,595;297;875;297;875;1,41;1;-1;160,31;0;-1;28,29;20,01;-20,01;-165,78;-400,24;800,48;
334;16,645;298;874;298;874;1;0;1;161,31;0;0;20,01;0;20,01;0;0;-800,48;
335;16,695;298;875;298;875;1;0;-1;162,31;0;-1;20,01;0;-20,01;0;0;800,48;
336;16,745;298;874;298;874;1;0;1;163,31;0;0;20,01;0;20,01;0;0;-800,48;
337;16,795;298;875;298;875;1;0;-1;164,31;0;-1;20,01;0;-20,01;-400,24;0;400,24;
338;16,8449;298;874;298;874;0;0;0;164,31;0;-1;0;0;0;0;0;0;
339;16,8949;298;874;298;874;0;0;0;164,31;0;-1;0;0;0;0;0;0;
340;16,9449;298;874;298;874;0;0;0;164,31;0;-1;0;0;0;0;0;0;
341;16,9949;298;874;298;874;0;0;0;164,31;0;-1;0;0;0;400,24;0;400,24;
342;17,0449;298;874;298;874;1;0;1;165,31;0;0;20,01;0;20,01;-400,24;0;-400,24;
343;17,0949;298;875;298;875;0;0;0;165,31;0;0;0;0;0;400,24;0;-400,24;
344;17,1449;298;875;298;875;1;0;-1;166,31;0;-1;20,01;0;-20,01;-400,24;0;400,24;
345;17,1948;298;874;298;874;0;0;0;166,31;0;-1;0;0;0;400,24;0;400,24;
346;17,2448;298;874;298;874;1;0;1;167,31;0;0;20,01;0;20,01;0;0;-800,48;
347;17,2948;298;875;298;875;1;0;-1;168,31;0;-1;20,01;0;-20,01;165,78;-400,24;800,48;
348;17,3448;298;874;298;874;1,41;-1;1;169,73;-1;0;28,29;-20,01;20,01;-566,02;400,24;-400,24;
349;17,3948;297;875;297;875;0;0;0;169,73;-1;0;0;0;0;400,24;400,24;0;
350;17,4448;297;875;297;875;1;1;0;170,73;0;0;20,01;20,01;0;-400,24;-400,24;0;
351;17,4948;298;875;298;875;0;0;0;170,73;0;0;0;0;0;400,24;-400,24;0;
352;17,5447;298;875;298;875;1;-1;0;171,73;-1;0;20,01;-20,01;0;0;800,48;0;
353;17,5947;297;875;297;875;1;1;0;172,73;0;0;20,01;20,01;0;0;-800,48;0;
354;17,6447;298;875;298;875;1;-1;0;173,73;-1;0;20,01;-20,01;0;0;800,48;0;
355;17,6947;297;875;297;875;1;1;0;174,73;0;0;20,01;20,01;0;-400,24;-400,24;0;
356;17,7447;298;875;298;875;0;0;0;174,73;0;0;0;0;0;400,24;0;-400,24;
357;17,7947;298;875;298;875;1;0;-1;175,73;0;-1;20,01;0;-20,01;0;0;800,48;
358;17,8446;298;874;298;874;1;0;1;176,73;0;0;20,01;0;20,01;-400,24;0;-400,24;
359;17,8946;298;875;298;875;0;0;0;176,73;0;0;0;0;0;0;0;0;
360;17,9446;298;875;298;875;0;0;0;176,73;0;0;0;0;0;0;0;0;
361;17,9946;298;875;298;875;0;0;0;176,73;0;0;0;0;0;400,24;0;-400,24;
362;18,0446;298;875;298;875;1;0;-1;177,73;0;-1;20,01;0;-20,01;0;0;800,48;
363;18,0946;298;874;298;874;1;0;1;178,73;0;0;20,01;0;20,01;0;-400,24;-400,24;
364;18,1446;298;875;298;875;1;-1;0;179,73;-1;0;20,01;-20,01;0;0;800,48;0;
365;18,1945;297;875;297;875;1;1;0;180,73;0;0;20,01;20,01;0;0;-400,24;-400,24;
366;18,2445;298;875;298;875;1;0;-1;181,73;0;-1;20,01;0;-20,01;-400,24;0;400,24;
367;18,2945;298;874;298;874;0;0;0;181,73;0;-1;0;0;0;0;0;0;
368;18,3445;298;874;298;874;0;0;0;181,73;0;-1;0;0;0;566,02;-400,24;400,24;
369;18,3945;298;874;298;874;1,41;-1;1;183,14;-1;0;28,29;-20,01;20,01;-165,78;800,48;-400,24;
370;18,4445;297;875;297;875;1;1;0;184,14;0;0;20,01;20,01;0;-400,24;-400,24;0;
371;18,4945;298;875;298;875;0;0;0;184,14;0;0;0;0;0;0;0;0;
372;18,5444;298;875;298;875;0;0;0;184,14;0;0;0;0;0;400,24;-400,24;0;
373;18,5944;298;875;298;875;1;-1;0;185,14;-1;0;20,01;-20,01;0;0;800,48;0;
374;18,6444;297;875;297;875;1;1;0;186,14;0;0;20,01;20,01;0;-400,24;-400,24;0;
375;18,6944;298;875;298;875;0;0;0;186,14;0;0;0;0;0;400,24;-400,24;0;
376;18,7444;298;875;298;875;1;-1;0;187,14;-1;0;20,01;-20,01;0;0;800,48;0;
377;18,7944;297;875;297;875;1;1;0;188,14;0;0;20,01;20,01;0;-400,24;-400,24;0;
378;18,8443;298;875;298;875;0;0;0;188,14;0;0;0;0;0;400,24;-400,24;0;
379;18,8943;298;875;298;875;1;-1;0;189,14;-1;0;20,01;-20,01;0;0;800,48;0;
380;18,9443;297;875;297;875;1;1;0;190,14;0;0;20,01;20,01;0;0;-400,24;-400,24;
381;18,9943;298;875;298;875;1;0;-1;191,14;0;-1;20,01;0;-20,01;0;0;800,48;
382;19,0443;298;874;298;874;1;0;1;192,14;0;0;20,01;0;20,01;0;-400,24;-400,24;
383;19,0943;298;875;298;875;1;-1;0;193,14;-1;0;20,01;-20,01;0;0;800,48;0;
384;19,1443;297;875;297;875;1;1;0;194,14;0;0;20,01;20,01;0;0;-800,48;0;
385;19,1942;298;875;298;875;1;-1;0;195,14;-1;0;20,01;-20,01;0;0;800,48;0;
386;19,2442;297;875;297;875;1;1;0;196,14;0;0;20,01;20,01;0;-400,24;-400,24;0;
387;19,2942;298;875;298;875;0;0;0;196,14;0;0;0;0;0;400,24;-400,24;0;
388;19,3442;298;875;298;875;1;-1;0;197,14;-1;0;20,01;-20,01;0;0;800,48;0;
389;19,3942;297;875;297;875;1;1;0;198,14;0;0;20,01;20,01;0;-400,24;-400,24;0;
390;19,4442;298;875;298;875;0;0;0;198,14;0;0;0;0;0;400,24;-400,24;0;
391;19,4942;298;875;298;875;1;-1;0;199,14;-1;0;20,01;-20,01;0;0;800,48;0;
392;19,5441;297;875;297;875;1;1;0;200,14;0;0;20,01;20,01;0;0;-800,48;0;
393;19,5941;298;875;298;875;1;-1;0;201,14;-1;0;20,01;-20,01;0;0;800,48;0;
394;19,6441;297;875;297;875;1;1;0;202,14;0;0;20,01;20,01;0;-400,24;-400,24;0;
395;19,6941;298;875;298;875;0;0;0;202,14;0;0;0;0;0;400,24;-400,24;0;
396;19,7441;298;875;298;875;1;-1;0;203,14;-1;0;20,01;-20,01;0;-400,24;400,24;0;
397;19,7941;297;875;297;875;0;0;0;203,14;-1;0;0;0;0;0;0;0;
398;19,844;297;875;297;875;0;0;0;203,14;-1;0;0;0;0;400,24;400,24;0;
399;19,894;297;875;297;875;1;1;0;204,14;0;0;20,01;20,01;0;0;-800,48;0;
400;19,944;298;875;298;875;1;-1;0;205,14;-1;0;20,01;-20,01;0;-400,24;400,24;0;
401;19,994;297;875;297;875;0;0;0;205,14;-1;0;0;0;0;800,48;800,48;0;
402;20,044;297;875;297;875;2;2;0;207,14;1;0;40,01;40,01;0;0;-1600,96;0;
403;20,094;299;875;299;875;2;-2;0;209,14;-1;0;40,01;-40,01;0;-800,48;800,48;0;
404;20,144;297;875;297;875;0;0;0;209,14;-1;0;0;0;0;0;0;0;
405;20,1939;297;875;297;875;0;0;0;209,14;-1;0;0;0;0;400,24;400,24;0;
406;20,2439;297;875;297;875;1;1;0;210,14;0;0;20,01;20,01;0;0;-800,48;0;
407;20,2939;298;875;298;875;1;-1;0;211,14;-1;0;20,01;-20,01;0;0;800,48;0;
408;20,3439;297;875;297;875;1;1;0;212,14;0;0;20,01;20,01;0;-400,24;-400,24;0;
409;20,3939;298;875;298;875;0;0;0;212,14;0;0;0;0;0;400,24;-400,24;0;
410;20,4439;298;875;298;875;1;-1;0;213,14;-1;0;20,01;-20,01;0;-400,24;400,24;0;
411;20,4939;297;875;297;875;0;0;0;213,14;-1;0;0;0;0;0;0;0;
412;20,5438;297;875;297;875;0;0;0;213,14;-1;0;0;0;0;0;0;0;
413;20,5938;297;875;297;875;0;0;0;213,14;-1;0;0;0;0;0;0;0;
414;20,6438;297;875;297;875;0;0;0;213,14;-1;0;0;0;0;0;0;0;
415;20,6938;297;875;297;875;0;0;0;213,14;-1;0;0;0;0;0;0;0;
416;20,7438;297;875;297;875;0;0;0;213,14;-1;0;0;0;0;400,24;400,24;0;
417;20,7938;297;875;297;875;1;1;0;214,14;0;0;20,01;20,01;0;-400,24;-400,24;0;
418;20,8437;298;875;298;875;0;0;0;214,14;0;0;0;0;0;400,24;-400,24;0;
419;20,8937;298;875;298;875;1;-1;0;215,14;-1;0;20,01;-20,01;0;0;800,48;0;
420;20,9437;297;875;297;875;1;1;0;216,14;0;0;20,01;20,01;0;0;-800,48;0;
421;20,9937;298;875;298;875;1;-1;0;217,14;-1;0;20,01;-20,01;0;-400,24;400,24;0;
422;21,0437;297;875;297;875;0;0;0;217,14;-1;0;0;0;0;0;0;0;
423;21,0937;297;875;297;875;0;0;0;217,14;-1;0;0;0;0;566,02;400,24;-400,24;
424;21,1437;297;875;297;875;1,41;1;-1;218,56;0;-1;28,29;20,01;-20,01;-165,78;-400,24;800,48;
425;21,1936;298;874;298;874;1;0;1;219,56;0;0;20,01;0;20,01;0;0;-800,48;
426;21,2436;298;875;298;875;1;0;-1;220,56;0;-1;20,01;0;-20,01;0;0;800,48;
427;21,2936;298;874;298;874;1;0;1;221,56;0;0;20,01;0;20,01;-400,24;0;-400,24;
428;21,3436;298;875;298;875;0;0;0;221,56;0;0;0;0;0;0;0;0;
429;21,3936;298;875;298;875;0;0;0;221,56;0;0;0;0;0;0;0;0;
430;21,4436;298;875;298;875;0;0;0;221,56;0;0;0;0;0;400,24;0;-400,24;
431;21,4936;298;875;298;875;1;0;-1;222,56;0;-1;20,01;0;-20,01;-400,24;0;400,24;
432;21,5435;298;874;298;874;0;0;0;222,56;0;-1;0;0;0;400,24;0;400,24;
433;21,5935;298;874;298;874;1;0;1;223,56;0;0;20,01;0;20,01;-400,24;0;-400,24;
434;21,6435;298;875;298;875;0;0;0;223,56;0;0;0;0;0;0;0;0;
435;21,6935;298;875;298;875;0;0;0;223,56;0;0;0;0;0;400,24;0;-400,24;
436;21,7435;298;875;298;875;1;0;-1;224,56;0;-1;20,01;0;-20,01;0;0;800,48;
437;21,7935;298;874;298;874;1;0;1;225,56;0;0;20,01;0;20,01;0;0;-800,48;
438;21,8434;298;875;298;875;1;0;-1;226,56;0;-1;20,01;0;-20,01;-400,24;0;400,24;
439;21,8934;298;874;298;874;0;0;0;226,56;0;-1;0;0;0;400,24;0;400,24;
440;21,9434;298;874;298;874;1;0;1;227,56;0;0;20,01;0;20,01;0;-400,24;-400,24;
441;21,9934;298;875;298;875;1;-1;0;228,56;-1;0;20,01;-20,01;0;165,78;800,48;-400,24;
442;22,0434;297;875;297;875;1,41;1;-1;229,97;0;-1;28,29;20,01;-20,01;-165,78;-400,24;800,48;
443;22,0934;298;874;298;874;1;0;1;230,97;0;0;20,01;0;20,01;0;0;-800,48;
444;22,1434;298;875;298;875;1;0;-1;231,97;0;-1;20,01;0;-20,01;-400,24;0;400,24;
445;22,1933;298;874;298;874;0;0;0;231,97;0;-1;0;0;0;400,24;0;400,24;
446;22,2433;298;874;298;874;1;0;1;232,97;0;0;20,01;0;20,01;0;0;-800,48;
447;22,2933;298;875;298;875;1;0;-1;233,97;0;-1;20,01;0;-20,01;-400,24;0;400,24;
448;22,3433;298;874;298;874;0;0;0;233,97;0;-1;0;0;0;0;0;0;
449;22,3933;298;874;298;874;0;0;0;233,97;0;-1;0;0;0;0;0;0;
450;22,4433;298;874;298;874;0;0;0;233,97;0;-1;0;0;0;400,24;0;400,24;
451;22,4933;298;874;298;874;1;0;1;234,97;0;0;20,01;0;20,01;-400,24;0;-400,24;
452;22,5432;298;875;298;875;0;0;0;234,97;0;0;0;0;0;400,24;0;-400,24;
453;22,5932;298;875;298;875;1;0;-1;235,97;0;-1;20,01;0;-20,01;-400,24;0;400,24;
454;22,6432;298;874;298;874;0;0;0;235,97;0;-1;0;0;0;400,24;0;400,24;
455;22,6932;298;874;298;874;1;0;1;236,97;0;0;20,01;0;20,01;0;0;-800,48;
456;22,7432;298;875;298;875;1;0;-1;237,97;0;-1;20,01;0;-20,01;0;0;800,48;
457;22,7932;298;874;298;874;1;0;1;238,97;0;0;20,01;0;20,01;0;0;-800,48;
458;22,8431;298;875;298;875;1;0;-1;239,97;0;-1;20,01;0;-20,01;0;0;800,48;
459;22,8931;298;874;298;874;1;0;1;240,97;0;0;20,01;0;20,01;0;0;-800,48;
460;22,9431;298;875;298;875;1;0;-1;241,97;0;-1;20,01;0;-20,01;0;0;800,48;
461;22,9931;298;874;298;874;1;0;1;242,97;0;0;20,01;0;20,01;0;0;-800,48;
462;23,0431;298;875;298;875;1;0;-1;243,97;0;-1;20,01;0;-20,01;165,78;-400,24;800,48;
463;23,0931;298;874;298;874;1,41;-1;1;245,38;-1;0;28,29;-20,01;20,01;-165,78;800,48;-400,24;
464;23,1431;297;875;297;875;1;1;0;246,38;0;0;20,01;20,01;0;0;-400,24;-400,24;
465;23,193;298;875;298;875;1;0;-1;247,38;0;-1;20,01;0;-20,01;0;0;800,48;
466;23,243;298;874;298;874;1;0;1;248,38;0;0;20,01;0;20,01;0;0;-800,48;
467;23,293;298;875;298;875;1;0;-1;249,38;0;-1;20,01;0;-20,01;-400,24;0;400,24;
468;23,343;298;874;298;874;0;0;0;249,38;0;-1;0;0;0;0;0;0;
469;23,393;298;874;298;874;0;0;0;249,38;0;-1;0;0;0;0;0;0;
470;23,443;298;874;298;874;0;0;0;249,38;0;-1;0;0;0;0;0;0;
471;23,493;298;874;298;874;0;0;0;249,38;0;-1;0;0;0;566,02;-400,24;400,24;
472;23,5429;298;874;298;874;1,41;-1;1;250,8;-1;0;28,29;-20,01;20,01;-566,02;400,24;-400,24;
473;23,5929;297;875;297;875;0;0;0;250,8;-1;0;0;0;0;400,24;400,24;0;
474;23,6429;297;875;297;875;1;1;0;251,8;0;0;20,01;20,01;0;0;-800,48;0;
475;23,6929;298;875;298;875;1;-1;0;252,8;-1;0;20,01;-20,01;0;-400,24;400,24;0;
476;23,7429;297;875;297;875;0;0;0;252,8;-1;0;0;0;0;0;0;0;
477;23,7929;297;875;297;875;0;0;0;252,8;-1;0;0;0;0;0;0;0;
478;23,8428;297;875;297;875;0;0;0;252,8;-1;0;0;0;0;0;0;0;
479;23,8928;297;875;297;875;0;0;0;252,8;-1;0;0;0;0;0;0;0;
480;23,9428;297;875;297;875;0;0;0;252,8;-1;0;0;0;0;0;0;0;
481;23,9928;297;875;297;875;0;0;0;252,8;-1;0;0;0;0;0;0;0;
482;24,0428;297;875;297;875;0;0;0;252,8;-1;0;0;0;0;400,24;400,24;0;
483;24,0928;297;875;297;875;1;1;0;253,8;0;0;20,01;20,01;0;-400,24;-400,24;0;
484;24,1428;298;875;298;875;0;0;0;253,8;0;0;0;0;0;400,24;-400,24;0;
485;24,1927;298;875;298;875;1;-1;0;254,8;-1;0;20,01;-20,01;0;-400,24;400,24;0;
486;24,2427;297;875;297;875;0;0;0;254,8;-1;0;0;0;0;0;0;0;
487;24,2927;297;875;297;875;0;0;0;254,8;-1;0;0;0;0;400,24;400,24;0;
488;24,3427;297;875;297;875;1;1;0;255,8;0;0;20,01;20,01;0;0;0;0;
489;24,3927;298;875;298;875;1;1;0;256,8;1;0;20,01;20,01;0;400,24;-1200,72;0;
490;24,4427;299;875;299;875;2;-2;0;258,8;-1;0;40,01;-40,01;0;-400,24;1200,72;0;
491;24,4927;297;875;297;875;1;1;0;259,8;0;0;20,01;20,01;0;-400,24;-400,24;0;
492;24,5426;298;875;298;875;0;0;0;259,8;0;0;0;0;0;400,24;-400,24;0;
493;24,5926;298;875;298;875;1;-1;0;260,8;-1;0;20,01;-20,01;0;0;800,48;0;
494;24,6426;297;875;297;875;1;1;0;261,8;0;0;20,01;20,01;0;0;-800,48;0;
495;24,6926;298;875;298;875;1;-1;0;262,8;-1;0;20,01;-20,01;0;-400,24;400,24;0;
496;24,7426;297;875;297;875;0;0;0;262,8;-1;0;0;0;0;566,02;400,24;-400,24;
497;24,7926;297;875;297;875;1,41;1;-1;264,21;0;-1;28,29;20,01;-20,01;0;-800,48;800,48;
498;24,8425;298;874;298;874;1,41;-1;1;265,63;-1;0;28,29;-20,01;20,01;-165,78;800,48;-400,24;
499;24,8925;297;875;297;875;1;1;0;266,63;0;0;20,01;20,01;0;0;-800,48;0;
500;24,9425;298;875;298;875;1;-1;0;267,63;-1;0;20,01;-20,01;0;-400,24;400,24;0;
501;24,9925;297;875;297;875;0;0;0;267,63;-1;0;0;0;0;0;0;0;
502;25,0425;297;875;297;875;0;0;0;267,63;-1;0;0;0;0;0;0;0;
503;25,0925;297;875;297;875;0;0;0;267,63;-1;0;0;0;0;0;0;0;
504;25,1425;297;875;297;875;0;0;0;267,63;-1;0;0;0;0;0;0;0;
505;25,1924;297;875;297;875;0;0;0;267,63;-1;0;0;0;0;0;0;0;
506;25,2424;297;875;297;875;0;0;0;267,63;-1;0;0;0;0;0;0;0;
507;25,2924;297;875;297;875;0;0;0;267,63;-1;0;0;0;0;0;0;0;
508;25,3424;297;875;297;875;0;0;0;267,63;-1;0;0;0;0;0;0;0;
509;25,3924;297;875;297;875;0;0;0;267,63;-1;0;0;0;0;0;0;0;
510;25,4424;297;875;297;875;0;0;0;267,63;-1;0;0;0;0;0;0;0;
511;25,4924;297;875;297;875;0;0;0;267,63;-1;0;0;0;0;0;0;0;
512;25,5423;297;875;297;875;0;0;0;267,63;-1;0;0;0;0;566,02;400,24;-400,24;
513;25,5923;297;875;297;875;1,41;1;-1;269,04;0;-1;28,29;20,01;-20,01;0;-800,48;800,48;
514;25,6423;298;874;298;874;1,41;-1;1;270,46;-1;0;28,29;-20,01;20,01;-566,02;400,24;-400,24;
515;25,6923;297;875;297;875;0;0;0;270,46;-1;0;0;0;0;0;0;0;
516;25,7423;297;875;297;875;0;0;0;270,46;-1;0;0;0;0;0;0;0;
517;25,7923;297;875;297;875;0;0;0;270,46;-1;0;0;0;0;400,24;400,24;0;
518;25,8422;297;875;297;875;1;1;0;271,46;0;0;20,01;20,01;0;0;-400,24;-400,24;
519;25,8922;298;875;298;875;1;0;-1;272,46;0;-1;20,01;0;-20,01;165,78;-400,24;800,48;
520;25,9422;298;874;298;874;1,41;-1;1;273,87;-1;0;28,29;-20,01;20,01;-566,02;400,24;-400,24;
521;25,9922;297;875;297;875;0;0;0;273,87;-1;0;0;0;0;0;0;0;
522;26,0422;297;875;297;875;0;0;0;273,87;-1;0;0;0;0;0;0;0;
523;26,0922;297;875;297;875;0;0;0;273,87;-1;0;0;0;0;0;0;0;
524;26,1422;297;875;297;875;0;0;0;273,87;-1;0;0;0;0;0;0;0;
525;26,1921;297;875;297;875;0;0;0;273,87;-1;0;0;0;0;0;0;0;
526;26,2421;297;875;297;875;0;0;0;273,87;-1;0;0;0;0;0;0;0;
527;26,2921;297;875;297;875;0;0;0;273,87;-1;0;0;0;0;0;0;0;
528;26,3421;297;875;297;875;0;0;0;273,87;-1;0;0;0;0;566,02;400,24;-400,24;
529;26,3921;297;875;297;875;1,41;1;-1;275,28;0;-1;28,29;20,01;-20,01;-566,02;-400,24;400,24;
530;26,4421;298;874;298;874;0;0;0;275,28;0;-1;0;0;0;566,02;-400,24;400,24;
531;26,4921;298;874;298;874;1,41;-1;1;276,7;-1;0;28,29;-20,01;20,01;0;800,48;-800,48;
532;26,542;297;875;297;875;1,41;1;-1;278,11;0;-1;28,29;20,01;-20,01;-566,02;-400,24;400,24;
533;26,592;298;874;298;874;0;0;0;278,11;0;-1;0;0;0;400,24;0;400,24;
534;26,642;298;874;298;874;1;0;1;279,11;0;0;20,01;0;20,01;165,78;400,24;-800,48;
535;26,692;298;875;298;875;1,41;1;-1;280,53;1;-1;28,29;20,01;-20,01;-165,78;-800,48;400,24;
536;26,742;299;874;299;874;1;-1;0;281,53;0;-1;20,01;-20,01;0;-400,24;400,24;0;
537;26,792;298;874;298;874;0;0;0;281,53;0;-1;0;0;0;566,02;-400,24;400,24;
538;26,8419;298;874;298;874;1,41;-1;1;282,94;-1;0;28,29;-20,01;20,01;-165,78;800,48;-400,24;
539;26,8919;297;875;297;875;1;1;0;283,94;0;0;20,01;20,01;0;-400,24;-400,24;0;
540;26,9419;298;875;298;875;0;0;0;283,94;0;0;0;0;0;400,24;-400,24;0;
541;26,9919;298;875;298;875;1;-1;0;284,94;-1;0;20,01;-20,01;0;-400,24;400,24;0;
542;27,0419;297;875;297;875;0;0;0;284,94;-1;0;0;0;0;400,24;400,24;0;
543;27,0919;297;875;297;875;1;1;0;285,94;0;0;20,01;20,01;0;0;-400,24;-400,24;
544;27,1419;298;875;298;875;1;0;-1;286,94;0;-1;20,01;0;-20,01;165,78;-400,24;800,48;
545;27,1918;298;874;298;874;1,41;-1;1;288,36;-1;0;28,29;-20,01;20,01;-165,78;800,48;-400,24;
546;27,2418;297;875;297;875;1;1;0;289,36;0;0;20,01;20,01;0;0;-800,48;0;
547;27,2918;298;875;298;875;1;-1;0;290,36;-1;0;20,01;-20,01;0;-400,24;400,24;0;
548;27,3418;297;875;297;875;0;0;0;290,36;-1;0;0;0;0;566,02;400,24;-400,24;
549;27,3918;297;875;297;875;1,41;1;-1;291,77;0;-1;28,29;20,01;-20,01;0;-800,48;800,48;
550;27,4418;298;874;298;874;1,41;-1;1;293,18;-1;0;28,29;-20,01;20,01;-566,02;400,24;-400,24;
551;27,4918;297;875;297;875;0;0;0;293,18;-1;0;0;0;0;566,02;400,24;-400,24;
552;27,5417;297;875;297;875;1,41;1;-1;294,6;0;-1;28,29;20,01;-20,01;0;-800,48;800,48;
553;27,5917;298;874;298;874;1,41;-1;1;296,01;-1;0;28,29;-20,01;20,01;-165,78;800,48;-400,24;
554;27,6417;297;875;297;875;1;1;0;297,01;0;0;20,01;20,01;0;0;-400,24;-400,24;
555;27,6917;298;875;298;875;1;0;-1;298,01;0;-1;20,01;0;-20,01;0;0;800,48;
556;27,7417;298;874;298;874;1;0;1;299,01;0;0;20,01;0;20,01;0;-400,24;-400,24;
557;27,7917;298;875;298;875;1;-1;0;300,01;-1;0;20,01;-20,01;0;-400,24;400,24;0;
558;27,8416;297;875;297;875;0;0;0;300,01;-1;0;0;0;0;400,24;400,24;0;
559;27,8916;297;875;297;875;1;1;0;301,01;0;0;20,01;20,01;0;-400,24;-400,24;0;
560;27,9416;298;875;298;875;0;0;0;301,01;0;0;0;0;0;0;0;0;
561;27,9916;298;875;298;875;0;0;0;301,01;0;0;0;0;0;0;0;0;
562;28,0416;298;875;298;875;0;0;0;301,01;0;0;0;0;0;200,12;200,12;0;
563;28,0916;298;875;298;875;1;1;0;302,01;1;0;10;10;0;300,18;-500,3;0;
565;28,1915;299;875;299;875;2;-2;0;304,01;-1;0;40,01;-40,01;0;-400,24;800,48;-400,24;
566;28,2415;297;875;297;875;1;0;-1;305,01;-1;-1;20,01;0;-20,01;0;0;800,48;
567;28,2915;297;874;297;874;1;0;1;306,01;-1;0;20,01;0;20,01;-400,24;0;-400,24;
568;28,3415;297;875;297;875;0;0;0;306,01;-1;0;0;0;0;400,24;400,24;0;
569;28,3915;297;875;297;875;1;1;0;307,01;0;0;20,01;20,01;0;-400,24;-400,24;0;
570;28,4415;298;875;298;875;0;0;0;307,01;0;0;0;0;0;0;0;0;
571;28,4915;298;875;298;875;0;0;0;307,01;0;0;0;0;0;0;0;0;
572;28,5414;298;875;298;875;0;0;0;307,01;0;0;0;0;0;0;0;0;
573;28,5914;298;875;298;875;0;0;0;307,01;0;0;0;0;0;0;0;0;
574;28,6414;298;875;298;875;0;0;0;307,01;0;0;0;0;0;200,12;-200,12;0;
575;28,6914;298;875;298;875;1;-1;0;308,01;-1;0;10;-10;0;-100,06;100,06;0;
577;28,7914;297;875;297;875;0;0;0;308,01;-1;0;0;0;0;400,24;400,24;0;
578;28,8413;297;875;297;875;1;1;0;309,01;0;0;20,01;20,01;0;0;-800,48;0;
579;28,8913;298;875;298;875;1;-1;0;310,01;-1;0;20,01;-20,01;0;0;800,48;0;
580;28,9413;297;875;297;875;1;1;0;311,01;0;0;20,01;20,01;0;-400,24;-400,24;0;
581;28,9913;298;875;298;875;0;0;0;311,01;0;0;0;0;0;400,24;400,24;0;
582;29,0413;298;875;298;875;1;1;0;312,01;1;0;20,01;20,01;0;400,24;-1200,72;0;
583;29,0913;299;875;299;875;2;-2;0;314,01;-1;0;40,01;-40,01;0;-400,24;800,48;-400,24;
584;29,1413;297;875;297;875;1;0;-1;315,01;-1;-1;20,01;0;-20,01;0;0;800,48;
585;29,1912;297;874;297;874;1;0;1;316,01;-1;0;20,01;0;20,01;0;400,24;-400,24;
586;29,2412;297;875;297;875;1;1;0;317,01;0;0;20,01;20,01;0;-400,24;-400,24;0;
587;29,2912;298;875;298;875;0;0;0;317,01;0;0;0;0;0;0;0;0;
588;29,3412;298;875;298;875;0;0;0;317,01;0;0;0;0;0;566,02;-400,24;-400,24;
589;29,3912;298;875;298;875;1,41;-1;-1;318,43;-1;-1;28,29;-20,01;-20,01;0;800,48;800,48;
590;29,4412;297;874;297;874;1,41;1;1;319,84;0;0;28,29;20,01;20,01;-566,02;-400,24;-400,24;
591;29,4912;298;875;298;875;0;0;0;319,84;0;0;0;0;0;0;0;0;
592;29,5411;298;875;298;875;0;0;0;319,84;0;0;0;0;0;400,24;0;-400,24;
593;29,5911;298;875;298;875;1;0;-1;320,84;0;-1;20,01;0;-20,01;0;0;800,48;
594;29,6411;298;874;298;874;1;0;1;321,84;0;0;20,01;0;20,01;-400,24;0;-400,24;
595;29,6911;298;875;298;875;0;0;0;321,84;0;0;0;0;0;0;0;0;
596;29,7411;298;875;298;875;0;0;0;321,84;0;0;0;0;0;0;0;0;
597;29,7911;298;875;298;875;0;0;0;321,84;0;0;0;0;0;400,24;-400,24;0;
598;29,841;298;875;298;875;1;-1;0;322,84;-1;0;20,01;-20,01;0;0;800,48;0;
599;29,891;297;875;297;875;1;1;0;323,84;0;0;20,01;20,01;0;-400,24;-400,24;0;
600;29,941;298;875;298;875;0;0;0;323,84;0;0;0;0;0;400,24;0;-400,24;
601;29,991;298;875;298;875;1;0;-1;324,84;0;-1;20,01;0;-20,01;0;0;800,48;
602;30,041;298;874;298;874;1;0;1;325,84;0;0;20,01;0;20,01;-400,24;0;-400,24;
603;30,091;298;875;298;875;0;0;0;325,84;0;0;0;0;0;0;0;0;
604;30,141;298;875;298;875;0;0;0;325,84;0;0;0;0;0;0;0;0;
605;30,1909;298;875;298;875;0;0;0;325,84;0;0;0;0;0;0;0;0;
606;30,2409;298;875;298;875;0;0;0;325,84;0;0;0;0;0;0;0;0;
607;30,2909;298;875;298;875;0;0;0;325,84;0;0;0;0;0;0;0;0;
608;30,3409;298;875;298;875;0;0;0;325,84;0;0;0;0;0;0;0;0;
609;30,3909;298;875;298;875;0;0;0;325,84;0;0;0;0;0;0;0;0;
610;30,4409;298;875;298;875;0;0;0;325,84;0;0;0;0;0;400,24;-400,24;0;
611;30,4909;298;875;298;875;1;-1;0;326,84;-1;0;20,01;-20,01;0;-400,24;400,24;0;
612;30,5408;297;875;297;875;0;0;0;326,84;-1;0;0;0;0;400,24;400,24;0;
613;30,5908;297;875;297;875;1;1;0;327,84;0;0;20,01;20,01;0;-400,24;-400,24;0;
614;30,6408;298;875;298;875;0;0;0;327,84;0;0;0;0;0;400,24;-400,24;0;
615;30,6908;298;875;298;875;1;-1;0;328,84;-1;0;20,01;-20,01;0;0;800,48;0;
616;30,7408;297;875;297;875;1;1;0;329,84;0;0;20,01;20,01;0;-400,24;-400,24;0;
617;30,7908;298;875;298;875;0;0;0;329,84;0;0;0;0;0;0;0;0;
618;30,8407;298;875;298;875;0;0;0;329,84;0;0;0;0;0;0;0;0;
619;30,8907;298;875;298;875;0;0;0;329,84;0;0;0;0;0;0;0;0;
620;30,9407;298;875;298;875;0;0;0;329,84;0;0;0;0;0;0;0;0;
621;30,9907;298;875;298;875;0;0;0;329,84;0;0;0;0;0;400,24;-400,24;0;
622;31,0407;298;875;298;875;1;-1;0;330,84;-1;0;20,01;-20,01;0;0;800,48;0;
623;31,0907;297;875;297;875;1;1;0;331,84;0;0;20,01;20,01;0;0;-400,24;-400,24;
624;31,1407;298;875;298;875;1;0;-1;332,84;0;-1;20,01;0;-20,01;0;0;800,48;
625;31,1906;298;874;298;874;1;0;1;333,84;0;0;20,01;0;20,01;-400,24;0;-400,24;
626;31,2406;298;875;298;875;0;0;0;333,84;0;0;0;0;0;400,24;400,24;0;
627;31,2906;298;875;298;875;1;1;0;334,84;1;0;20,01;20,01;0;0;-800,48;0;
628;31,3406;299;875;299;875;1;-1;0;335,84;0;0;20,01;-20,01;0;-400,24;400,24;0;
629;31,3906;298;875;298;875;0;0;0;335,84;0;0;0;0;0;0;0;0;
630;31,4406;298;875;298;875;0;0;0;335,84;0;0;0;0;0;0;0;0;
631;31,4906;298;875;298;875;0;0;0;335,84;0;0;0;0;0;400,24;400,24;0;
632;31,5405;298;875;298;875;1;1;0;336,84;1;0;20,01;20,01;0;0;-800,48;0;
633;31,5905;299;875;299;875;1;-1;0;337,84;0;0;20,01;-20,01;0;-400,24;400,24;0;
634;31,6405;298;875;298;875;0;0;0;337,84;0;0;0;0;0;0;0;0;
635;31,6905;298;875;298;875;0;0;0;337,84;0;0;0;0;0;0;0;0;
636;31,7405;298;875;298;875;0;0;0;337,84;0;0;0;0;0;0;0;0;
637;31,7905;298;875;298;875;0;0;0;337,84;0;0;0;0;0;400,24;400,24;0;
638;31,8404;298;875;298;875;1;1;0;338,84;1;0;20,01;20,01;0;0;-800,48;0;
639;31,8904;299;875;299;875;1;-1;0;339,84;0;0;20,01;-20,01;0;0;800,48;0;
640;31,9404;298;875;298;875;1;1;0;340,84;1;0;20,01;20,01;0;400,24;-1200,72;0;
641;31,9904;299;875;299;875;2;-2;0;342,84;-1;0;40,01;-40,01;0;-400,24;1200,72;0;
642;32,0404;297;875;297;875;1;1;0;343,84;0;0;20,01;20,01;0;-400,24;-400,24;0;
643;32,0904;298;875;298;875;0;0;0;343,84;0;0;0;0;0;0;0;0;
644;32,1404;298;875;298;875;0;0;0;343,84;0;0;0;0;0;0;0;0;
645;32,1903;298;875;298;875;0;0;0;343,84;0;0;0;0;0;0;0;0;
646;32,2403;298;875;298;875;0;0;0;343,84;0;0;0;0;0;0;0;0;
647;32,2903;298;875;298;875;0;0;0;343,84;0;0;0;0;0;0;0;0;
648;32,3403;298;875;298;875;0;0;0;343,84;0;0;0;0;0;400,24;400,24;0;
649;32,3903;298;875;298;875;1;1;0;344,84;1;0;20,01;20,01;0;0;-800,48;0;
650;32,4403;299;875;299;875;1;-1;0;345,84;0;0;20,01;-20,01;0;0;400,24;-400,24;
651;32,4903;298;875;298;875;1;0;-1;346,84;0;-1;20,01;0;-20,01;-400,24;0;400,24;
652;32,5402;298;874;298;874;0;0;0;346,84;0;-1;0;0;0;400,24;0;400,24;
653;32,5902;298;874;298;874;1;0;1;347,84;0;0;20,01;0;20,01;-400,24;0;-400,24;
654;32,6402;298;875;298;875;0;0;0;347,84;0;0;0;0;0;0;0;0;
655;32,6902;298;875;298;875;0;0;0;347,84;0;0;0;0;0;0;0;0;
656;32,7402;298;875;298;875;0;0;0;347,84;0;0;0;0;0;0;0;0;
657;32,7902;298;875;298;875;0;0;0;347,84;0;0;0;0;0;0;0;0;
658;32,8401;298;875;298;875;0;0;0;347,84;0;0;0;0;0;0;0;0;
659;32,8901;298;875;298;875;0;0;0;347,84;0;0;0;0;0;400,24;400,24;0;
660;32,9401;298;875;298;875;1;1;0;348,84;1;0;20,01;20,01;0;0;-800,48;0;
661;32,9901;299;875;299;875;1;-1;0;349,84;0;0;20,01;-20,01;0;-400,24;400,24;0;
662;33,0401;298;875;298;875;0;0;0;349,84;0;0;0;0;0;400,24;0;-400,24;
663;33,0901;298;875;298;875;1;0;-1;350,84;0;-1;20,01;0;-20,01;0;0;800,48;
664;33,1401;298;874;298;874;1;0;1;351,84;0;0;20,01;0;20,01;165,78;-400,24;0;
665;33,19;298;875;298;875;1,41;-1;1;353,25;-1;1;28,29;-20,01;20,01;0;800,48;-800,48;
666;33,24;297;876;297;876;1,41;1;-1;354,67;0;0;28,29;20,01;-20,01;-566,02;-400,24;400,24;
667;33,29;298;875;298;875;0;0;0;354,67;0;0;0;0;0;0;0;0;
668;33,34;298;875;298;875;0;0;0;354,67;0;0;0;0;0;0;0;0;
669;33,39;298;875;298;875;0;0;0;354,67;0;0;0;0;0;0;0;0;
670;33,44;298;875;298;875;0;0;0;354,67;0;0;0;0;0;0;0;0;
671;33,49;298;875;298;875;0;0;0;354,67;0;0;0;0;0;0;0;0;
672;33,5399;298;875;298;875;0;0;0;354,67;0;0;0;0;0;0;0;0;
673;33,5899;298;875;298;875;0;0;0;354,67;0;0;0;0;0;0;0;0;
674;33,6399;298;875;298;875;0;0;0;354,67;0;0;0;0;0;0;0;0;
675;33,6899;298;875;298;875;0;0;0;354,67;0;0;0;0;0;0;0;0;
676;33,7399;298;875;298;875;0;0;0;354,67;0;0;0;0;0;0;0;0;
677;33,7899;298;875;298;875;0;0;0;354,67;0;0;0;0;0;0;0;0;
678;33,8398;298;875;298;875;0;0;0;354,67;0;0;0;0;0;0;0;0;
679;33,8898;298;875;298;875;0;0;0;354,67;0;0;0;0;0;400,24;400,24;0;
680;33,9398;298;875;298;875;1;1;0;355,67;1;0;20,01;20,01;0;-200,12;-600,36;0;
681;33,9898;299;875;299;875;1;-1;0;356,67;0;0;10;-10;0;100,06;300,18;0;
683;34,0898;298;875;298;875;1;1;0;357,67;1;0;20,01;20,01;0;0;-800,48;0;
684;34,1398;299;875;299;875;1;-1;0;358,67;0;0;20,01;-20,01;0;-400,24;400,24;0;
685;34,1897;298;875;298;875;0;0;0;358,67;0;0;0;0;0;0;0;0;
687;34,2897;298;875;298;875;0;0;0;358,67;0;0;0;0;0;0;0;0;
690;34,4397;298;875;298;875;0;0;0;358,67;0;0;0;0;0;0;0;0;
691;34,4897;298;875;298;875;0;0;0;358,67;0;0;0;0;0;0;0;0;
692;34,5396;298;875;298;875;0;0;0;358,67;0;0;0;0;0;0;0;0;
693;34,5896;298;875;298;875;0;0;0;358,67;0;0;0;0;0;0;0;0;
694;34,6396;298;875;298;875;0;0;0;358,67;0;0;0;0;0;0;0;0;
695;34,6896;298;875;298;875;0;0;0;358,67;0;0;0;0;0;0;0;0;
696;34,7396;298;875;298;875;0;0;0;358,67;0;0;0;0;0;0;0;0;
697;34,7896;298;875;298;875;0;0;0;358,67;0;0;0;0;0;0;0;0;
698;34,8395;298;875;298;875;0;0;0;358,67;0;0;0;0;0;0;0;0;
699;34,8895;298;875;298;875;0;0;0;358,67;0;0;0;0;0;0;0;0;
700;34,9395;298;875;298;875;0;0;0;358,67;0;0;0;0;0;0;0;0;
701;34,9895;298;875;298;875;0;0;0;358,67;0;0;0;0;0;400,24;-400,24;0;
702;35,0395;298;875;298;875;1;-1;0;359,67;-1;0;20,01;-20,01;0;-400,24;400,24;0;
703;35,0895;297;875;297;875;0;0;0;359,67;-1;0;0;0;0;400,24;400,24;0;
704;35,1395;297;875;297;875;1;1;0;360,67;0;0;20,01;20,01;0;0;-800,48;0;
705;35,1894;298;875;298;875;1;-1;0;361,67;-1;0;20,01;-20,01;0;0;800,48;0;
706;35,2394;297;875;297;875;1;1;0;362,67;0;0;20,01;20,01;0;-400,24;-400,24;0;
707;35,2894;298;875;298;875;0;0;0;362,67;0;0;0;0;0;400,24;0;-400,24;
708;35,3394;298;875;298;875;1;0;-1;363,67;0;-1;20,01;0;-20,01;0;0;800,48;
709;35,3894;298;874;298;874;1;0;1;364,67;0;0;20,01;0;20,01;-400,24;0;-400,24;
710;35,4394;298;875;298;875;0;0;0;364,67;0;0;0;0;0;400,24;400,24;0;
711;35,4894;298;875;298;875;1;1;0;365,67;1;0;20,01;20,01;0;-200,12;-600,36;0;
712;35,5393;299;875;299;875;1;-1;0;366,67;0;0;10;-10;0;-100,06;100,06;0;
714;35,6393;298;875;298;875;0;0;0;366,67;0;0;0;0;0;0;0;0;
716;35,7393;298;875;298;875;0;0;0;366,67;0;0;0;0;0;0;0;0;
717;35,7893;298;875;298;875;0;0;0;366,67;0;0;0;0;0;0;0;0;
718;35,8392;298;875;298;875;0;0;0;366,67;0;0;0;0;0;0;0;0;
719;35,8892;298;875;298;875;0;0;0;366,67;0;0;0;0;0;0;0;0;
721;35,9892;298;875;298;875;0;0;0;366,67;0;0;0;0;0;0;0;0;
722;36,0392;298;875;298;875;0;0;0;366,67;0;0;0;0;0;0;0;0;
723;36,0892;298;875;298;875;0;0;0;366,67;0;0;0;0;0;400,24;0;-400,24;
724;36,1392;298;875;298;875;1;0;-1;367,67;0;-1;20,01;0;-20,01;0;0;800,48;
725;36,1891;298;874;298;874;1;0;1;368,67;0;0;20,01;0;20,01;0;0;-800,48;
726;36,2391;298;875;298;875;1;0;-1;369,67;0;-1;20,01;0;-20,01;0;0;800,48;
727;36,2891;298;874;298;874;2;0;2;371,67;0;1;20,01;0;20,01;0;0;-400,24;
729;36,3891;298;876;298;876;1;0;-1;372,67;0;0;20,01;0;-20,01;-400,24;0;400,24;
730;36,4391;298;875;298;875;0;0;0;372,67;0;0;0;0;0;0;0;0;
731;36,4891;298;875;298;875;0;0;0;372,67;0;0;0;0;0;0;0;0;
734;36,639;298;875;298;875;0;0;0;372,67;0;0;0;0;0;0;0;0;
735;36,689;298;875;298;875;0;0;0;372,67;0;0;0;0;0;0;0;0;
736;36,739;298;875;298;875;0;0;0;372,67;0;0;0;0;0;0;0;0;
737;36,789;298;875;298;875;0;0;0;372,67;0;0;0;0;0;0;0;0;
738;36,8389;298;875;298;875;0;0;0;372,67;0;0;0;0;0;0;0;0;
739;36,8889;298;875;298;875;0;0;0;372,67;0;0;0;0;0;0;0;0;
740;36,9389;298;875;298;875;0;0;0;372,67;0;0;0;0;0;0;0;0;
741;36,9889;298;875;298;875;0;0;0;372,67;0;0;0;0;0;0;0;0;
742;37,0389;298;875;298;875;0;0;0;372,67;0;0;0;0;0;0;0;0;
746;37,2388;298;875;298;875;0;0;0;372,67;0;0;0;0;0;0;0;0;
752;37,5387;298;875;298;875;0;0;0;372,67;0;0;0;0;0;0;0;0;
753;37,5887;298;875;298;875;0;0;0;372,67;0;0;0;0;0;0;0;0;
754;37,6387;298;875;298;875;0;0;0;372,67;0;0;0;0;0;0;0;0;
755;37,6887;298;875;298;875;0;0;0;372,67;0;0;0;0;0;0;0;0;
758;37,8386;298;875;298;875;0;0;0;372,67;0;0;0;0;0;188,67;133,41;133,41;
761;37,9886;298;875;298;875;1,41;1;1;374,08;1;1;28,29;20,01;20,01;0;-800,48;-800,48;
762;38,0386;299;876;299;876;1,41;-1;-1;375,5;0;0;28,29;-20,01;-20,01;-165,78;400,24;800,48;
763;38,0886;298;875;298;875;1;0;1;376,5;0;1;20,01;0;20,01;-300,18;0;-500,3;
764;38,1386;298;876;298;876;1;0;-1;377,5;0;0;5;0;-5;-25,02;0;25,02;
768;38,3385;298;875;298;875;0;0;0;377,5;0;0;0;0;0;44,47;0;44,47;
771;38,4885;298;875;298;875;1;0;1;378,5;0;1;6,67;0;6,67;-22,24;0;-66,71;
774;38,6384;298;876;298;876;1;0;-1;379,5;0;0;3,33;0;-3,33;-11,12;0;11,12;
780;38,9383;298;875;298;875;0;0;0;379,5;0;0;0;0;0;566,02;400,24;400,24;
781;38,9883;298;875;298;875;1,41;1;1;380,91;1;1;28,29;20,01;20,01;0;-800,48;-800,48;
782;39,0383;299;876;299;876;1,41;-1;-1;382,33;0;0;28,29;-20,01;-20,01;-566,02;400,24;400,24;
783;39,0883;298;875;298;875;0;0;0;382,33;0;0;0;0;0;0;0;0;
789;39,3882;298;875;298;875;0;0;0;382,33;0;0;0;0;0;0;0;0;
791;39,4882;298;875;298;875;0;0;0;382,33;0;0;0;0;0;0;0;0;
792;39,5381;298;875;298;875;0;0;0;382,33;0;0;0;0;0;0;0;0;
802;40,038;298;875;298;875;0;0;0;382,33;0;0;0;0;0;0;0;0;
805;40,1879;298;875;298;875;0;0;0;382,33;0;0;0;0;0;400,24;0;-400,24;
806;40,2379;298;875;298;875;1;0;-1;383,33;0;-1;20,01;0;-20,01;0;0;800,48;
807;40,2879;298;874;298;874;1;0;1;384,33;0;0;20,01;0;20,01;-400,24;0;-400,24;
808;40,3379;298;875;298;875;0;0;0;384,33;0;0;0;0;0;0;0;0;
816;40,7378;298;875;298;875;0;0;0;384,33;0;0;0;0;0;200,12;0;-200,12;
818;40,8377;298;875;298;875;1;0;-1;385,33;0;-1;20,01;0;-20,01;0;0;800,48;
819;40,8877;298;874;298;874;1;0;1;386,33;0;0;20,01;0;20,01;-400,24;0;-400,24;
820;40,9377;298;875;298;875;0;0;0;386,33;0;0;0;0;0;0;0;0;
822;41,0377;298;875;298;875;0;0;0;386,33;0;0;0;0;0;12,13;0;-12,13;
825;41,1876;298;875;298;875;1;0;-1;387,33;0;-1;1,82;0;-1,82;33,08;0;39,69;
836;41,7375;298;874;298;874;1;0;1;388,33;0;0;20,01;0;20,01;-350,21;0;-450,27;
837;41,7875;298;875;298;875;1;0;-1;389,33;0;-1;2,5;0;-2,5;18,76;0;31,27;
845;42,1873;298;874;298;874;1;0;1;390,33;0;0;10;0;10;-100,06;0;-100,06;
847;42,2873;298;875;298;875;0;0;0;390,33;0;0;0;0;0;0;0;0;
848;42,3373;298;875;298;875;0;0;0;390,33;0;0;0;0;0;0;0;0;
858;42,8371;298;875;298;875;0;0;0;390,33;0;0;0;0;0;0;0;0;
880;43,9368;298;875;298;875;0;0;0;390,33;0;0;0;0;0;16,01;0;-16,01;
881;43,9868;298;875;298;875;1;0;-1;391,33;0;-1;0,8;0;-0,8;0,69;1,33;0,64;
906;45,2364;298;874;298;874;1;1;0;392,33;1;-1;1,67;1,67;0;20,8;-19,46;16,68;
918;45,8362;299;874;299;874;1,41;-1;1;393,74;0;0;14,15;-10;10;-141,51;100,06;-100,06;
920;45,9362;298;875;298;875;0;0;0;393,74;0;0;0;0;0;2,1;1,48;-1,48;
930;46,4361;298;875;298;875;1,41;1;-1;395,15;1;-1;1,05;0,74;-0,74;-0,37;-0,83;0,83;
957;47,7857;299;874;299;874;1,41;-1;1;396,57;0;0;0,54;-0,38;0,38;0,89;0,15;-1,25;
1009;50,3849;298;875;298;875;1;0;-1;397,57;0;-1;2,86;0;-2,86;49,01;0;65,35;
1016;50,7348;298;874;298;874;1;0;1;398,57;0;0;20,01;0;20,01;-400,24;0;-400,24;
1017;50,7848;298;875;298;875;0;0;0;398,57;0;0;0;0;0;25,02;0;-25,02;
1019;50,8847;298;875;298;875;1;0;-1;399,57;0;-1;2,5;0;-2,5;43,78;0;56,28;
1027;51,2846;298;874;298;874;1;0;1;400,57;0;0;20,01;0;20,01;-400,24;0;-400,24;
1028;51,3346;298;875;298;875;0;0;0;400,57;0;0;0;0;0;0;0;0;
1034;51,6345;298;875;298;875;0;0;0;400,57;0;0;0;0;0;28,59;0;-28,59;
1036;51,7345;298;875;298;875;1;0;-1;401,57;0;-1;2,86;0;-2,86;-6,53;0;9,8;
1043;52,0844;298;874;298;874;1;0;1;402,57;0;0;0,57;0;0,57;-0,33;0;-0,33;
1078;53,8338;298;875;298;875;0;0;0;402,57;0;0;0;0;0;0;0;0;
1115;55,6833;298;875;298;875;0;0;0;402,57;0;0;0;0;0;1,32;0;-1,32;
1131;56,4831;298;875;298;875;1;0;-1;403,57;0;-1;1,05;0;-1,05;1,9;0;4,12;
1150;57,4328;298;874;298;874;1;0;1;404,57;0;0;2,86;0;2,86;-8,17;0;-8,17;
1157;57,7827;298;875;298;875;0;0;0;404,57;0;0;0;0;0;0;0;0;
1166;58,2325;298;875;298;875;0;0;0;404,57;0;0;0;0;0;0;0;0;
1167;58,2825;298;875;298;875;0;0;0;404,57;0;0;0;0;0;0,54;0,38;-0,38;
1202;60,032;298;875;298;875;1,41;1;-1;405,98;1;-1;0,94;0,67;-0,67;-0,63;-0,44;0,44;
1232;61,5315;299;874;299;874;0;0;0;405,98;1;-1;0;0;0;566,02;-400,24;400,24;
1233;61,5815;299;874;299;874;1,41;-1;1;407,4;0;0;28,29;-20,01;20,01;-283,01;600,36;-600,36;
1234;61,6315;298;875;298;875;1,41;1;-1;408,81;1;-1;14,15;10;-10;-119,74;-115,45;115,45;
1236;61,7315;299;874;299;874;1,41;-1;1;410,23;0;0;2,18;-1,54;1,54;-3,35;2,37;-2,37;
1249;62,3813;298;875;298;875;0;0;0;410,23;0;0;0;0;0;0;0;0;
1257;62,7812;298;875;298;875;0;0;0;0;0;0;0;0;0;0;0;0;
